{"('Berri 1', 'mean')":{"Friday":3222.0681818182,"Monday":2984.4,"Saturday":2308.5909090909,"Sunday":2206.8888888889,"Thursday":3639.3409090909,"Tuesday":3075.1136363636,"Wednesday":3476.6363636364},"('Berri 1', 'std')":{"Friday":2288.2543605331,"Monday":2093.2919745963,"Saturday":1866.2664048492,"Sunday":1771.6070160145,"Thursday":2370.0787538989,"Tuesday":2151.0835800084,"Wednesday":2302.9857373753},"('C\u00f4te-Sainte-Catherine', 'mean')":{"Friday":1282.8636363636,"Monday":1340.6444444444,"Saturday":773.1363636364,"Sunday":810.3555555556,"Thursday":1568.8181818182,"Tuesday":1334.2727272727,"Wednesday":1530.5454545455},"('C\u00f4te-Sainte-Catherine', 'std')":{"Friday":915.1972361041,"Monday":973.8106301712,"Saturday":574.5663113069,"Sunday":623.0406799631,"Thursday":1061.6206188024,"Tuesday":989.3111618964,"Wednesday":1066.2722819623},"('Maisonneuve 1', 'mean')":{"Friday":2240.1818181818,"Monday":2001.1333333333,"Saturday":1410.6136363636,"Sunday":1229.4222222222,"Thursday":2543.0681818182,"Tuesday":2091.7045454545,"Wednesday":2383.8863636364},"('Maisonneuve 1', 'std')":{"Friday":1563.9487928441,"Monday":1387.7506260132,"Saturday":1109.430069815,"Sunday":938.5555025214,"Thursday":1639.3311653421,"Tuesday":1401.825331314,"Wednesday":1557.9458929601},"('Maisonneuve 2', 'mean')":{"Friday":3917.9545454545,"Monday":3639.2666666667,"Saturday":2387.7272727273,"Sunday":2184.6222222222,"Thursday":4470.7954545455,"Tuesday":3770.0,"Wednesday":4228.6590909091},"('Maisonneuve 2', 'std')":{"Friday":2620.1492674908,"Monday":2402.4313479927,"Saturday":1778.6502115517,"Sunday":1601.7020107726,"Thursday":2783.4616692466,"Tuesday":2470.963901932,"Wednesday":2665.2870515434},"('du Parc', 'mean')":{"Friday":2042.5454545455,"Monday":2004.0888888889,"Saturday":1097.4772727273,"Sunday":1111.2,"Thursday":2401.6818181818,"Tuesday":2077.25,"Wednesday":2320.5227272727},"('du Parc', 'std')":{"Friday":1339.2904309189,"Monday":1342.1446342298,"Saturday":769.8309838253,"Sunday":806.8685428585,"Thursday":1463.7455105522,"Tuesday":1355.3914413565,"Wednesday":1442.777158713},"('Pierre-Dupuy', 'mean')":{"Friday":965.2272727273,"Monday":1026.7555555556,"Saturday":1201.3863636364,"Sunday":1366.3333333333,"Thursday":1031.4772727273,"Tuesday":799.25,"Wednesday":983.25},"('Pierre-Dupuy', 'std')":{"Friday":939.6199346355,"Monday":1030.1233632116,"Saturday":1232.6889348259,"Sunday":1401.6791715653,"Thursday":912.2205590254,"Tuesday":853.4072373672,"Wednesday":933.5151902702},"('Rachel1', 'mean')":{"Friday":3119.4318181818,"Monday":2891.7777777778,"Saturday":2564.2727272727,"Sunday":2603.3333333333,"Thursday":3187.2954545455,"Tuesday":2729.2727272727,"Wednesday":3024.7272727273},"('Rachel1', 'std')":{"Friday":2222.0136205989,"Monday":2010.2325384358,"Saturday":1964.8647194529,"Sunday":2014.7068363322,"Thursday":2116.1351077843,"Tuesday":1939.3085121469,"Wednesday":2044.0247047571}}